rank,symbol,company,price,change,volume,market_cap,pe,sector,classification,score,market_session,confirmation_reference,failure_reference,reasons
1,ASTM,Asim Textile Mills Limited,134.26,3.189608792560117,407793.0,2037664019.9999998,132.93069306930695,Textile Spinning,Reversal required,90.0,2026-09-18,135.94,88.41,Price trend or momentum has not turned upward
2,MWMP,Mandviwala Mauser Plastic Industries,92.39,7.106422443774618,1526890.0,2656040007.87,22.589242053789732,Miscellaneous,Overextended,90.0,2026-09-18,94.89,64.0,Price has run ahead; wait for a new base
3,NETSOL,NetSol Technologies Limited,126.02,1.0666452802951198,1284826.0,11321249036.46,5.656193895870736,Technology & Communication,Confirmation required,85.0,2026-09-18,126.8,117.5,Trend strength below minimum; Stock-specific news/event review still needed
4,SPSL,Sitara Petroleum Service Limited,16.54,9.97340425531914,13979647.0,27785777560.0,0.6618647458983594,Oil & Gas Marketing Companies,Confirmation required,80.0,2026-09-18,16.54,14.75,Large daily move; check exchange limit and ability to trade
5,NRL,National Refinery Limited,518.61,-0.0886200319802799,741585.0,41471457681.6,6.727331690232196,Refinery,Reversal required,77.5,2026-09-18,549.68,515.0,Price trend or momentum has not turned upward
6,ASL,Aisha Steel Mills Limited,17.03,-0.4093567251462038,11320362.0,15851265501.630001,17.202020202020204,Engineering,Reversal required,77.5,2026-09-18,17.77,15.81,Price trend or momentum has not turned upward
7,GDL,Ghani Dairies Limited,17.75,-0.7270693512304249,557411.0,7618300000.0,0.0,Food & Personal Care Products,Confirmation required,77.5,2026-09-18,18.49,16.1,Moving averages not aligned upward; Volume/closing-pressure confirmation missing; Stock-specific news/event review still needed
8,MFL,Matco Foods Limited,45.61,5.799118533982828,5122841.0,5582695835.78,21.413145539906104,Food & Personal Care Products,Confirmation required,75.0,2026-09-18,46.4,37.65,Moving averages not aligned upward; Trend strength below minimum; Stock-specific news/event review still needed
9,EPCL,Engro Polymer & Chemicals Limited,34.21,2.701891323926753,886616.0,31094267221.93,20.859756097560975,Chemical,Reversal required,70.0,2026-09-18,34.6,32.0,Price trend or momentum has not turned upward
10,FCEPL,Frieslandcampina Engro Pakistan Limited,139.86,0.47413793103450175,277866.0,107216127049.50002,20.720000000000002,Food & Personal Care Products,Reversal required,67.5,2026-09-18,141.74,131.51,Price trend or momentum has not turned upward
11,EFERT,Engro Fertilizers Limited,188.22,0.6362615623161982,229791.0,251330048362.5,12.198314970836032,Fertilizer,Confirmation required,67.5,2026-09-18,190.5,186.17,Moving averages not aligned upward; Momentum not confirmed; Volume/closing-pressure confirmation missing; Stock-specific news/event review still needed
12,SELECT,Select Technologies Limited,29.96,6.015569709837232,10061379.0,26631111114.440002,0.0,Technology & Communication,Confirmation required,65.0,2026-09-18,31.09,25.26,Moving averages not aligned upward; Trend strength below minimum; Stock-specific news/event review still needed
13,ECOP,Ecopack Limited,51.09,-0.3705148205928155,215860.0,2465522626.71,5.9406976744186055,Miscellaneous,Confirmation required,62.5,2026-09-18,54.39,49.61,Moving averages not aligned upward; Volume/closing-pressure confirmation missing; Trend strength below minimum; Stock-specific news/event review still needed
14,QTECH,Quantum Data Technologies Limited,38.95,5.298729386320633,3256729.0,4735392990.0,0.0,Technology & Communication,Confirmation required,60.0,2026-09-18,39.8,32.85,Moving averages not aligned upward; Momentum not confirmed; Stock-specific news/event review still needed
15,PPL,Pakistan Petroleum Limited,228.8,1.4589153474347194,6304169.0,622557374982.4,6.31869649268158,Oil & Gas Exploration Companies,Reversal required,57.5,2026-09-18,233.03,214.0,Price trend or momentum has not turned upward
16,THCCL,Thatta Cement Company Limited,77.67,2.765281820587462,6357146.0,38725533843.75,5.269335142469472,Cement,Reversal required,55.0,2026-09-18,79.65,73.2,Price trend or momentum has not turned upward
17,FCL,Fast Cables Limited,27.04,0.25954764553206555,1186741.0,17429317464.0,8.243902439024389,Cable & Electrical Goods,Reversal required,55.0,2026-09-18,28.0,26.4,Price trend or momentum has not turned upward
18,SYM,Symmetry Group Limited,12.75,2.163461538461542,290569.0,3636880431.0,18.47826086956522,Technology & Communication,Reversal required,55.0,2026-09-18,13.0,12.0,Price trend or momentum has not turned upward
19,POWER,Power Cement Limited,22.76,4.260192395785634,1247520.0,29372318751.960003,7.958041958041959,Cement,Reversal required,52.5,2026-09-18,23.0,21.0,Price trend or momentum has not turned upward
20,KTML,Kohinoor Textile Mills Limited,43.0,0.046533271288984324,227350.0,57899383040.0,11.497326203208553,Textile Composite,Confirmation required,52.5,2026-09-18,44.1,41.07,Moving averages not aligned upward; Volume/closing-pressure confirmation missing; Trend strength below minimum; Stock-specific news/event review still needed
21,ATRL,Attock Refinery Limited,1095.15,-0.4128436195655061,239007.0,116760786187.50002,5.282413660042447,Refinery,Reversal required,45.0,2026-09-18,1170.01,1070.6,Price trend or momentum has not turned upward
22,MACFL,MACPAC Films Limited,69.59,1.5171407731582987,793402.0,4126767028.5,31.63181818181818,"Paper, Board & Packaging",Confirmation required,40.0,2026-09-18,71.2,58.51,Moving averages not aligned upward; Volume/closing-pressure confirmation missing; Trend strength below minimum; Daily price swings exceed risk threshold; Stock-specific news/event review still needed
23,PRL,Pakistan Refinery Limited,82.97,-0.1804619826756615,10084107.0,52271100000.0,3.312175648702594,Refinery,Reversal required,37.5,2026-09-18,89.21,81.1,Price trend or momentum has not turned upward
24,CNERGY,Cnergyico PK  Limited,12.92,0.31055900621117516,31345368.0,70975342617.31999,4.470588235294118,Refinery,Reversal required,37.5,2026-09-18,13.24,12.5,Price trend or momentum has not turned upward
25,MARI,Mari Energies Limited,650.51,0.04460028913291225,654099.0,781016942475.0,8.97007722007722,Oil & Gas Exploration Companies,Reversal required,37.5,2026-09-18,658.21,638.99,Price trend or momentum has not turned upward
26,PAEL,Pak Elektron Limited,36.84,3.3090297251822998,8230839.0,34027247616.840004,10.319327731092438,Cable & Electrical Goods,Reversal required,37.5,2026-09-18,36.99,34.81,Price trend or momentum has not turned upward
27,NML,Nishat Mills Limited,133.29,3.2935523868567795,1229392.0,46864743739.92,9.249826509368493,Textile Composite,Reversal required,37.5,2026-09-18,134.01,127.0,Price trend or momentum has not turned upward
28,JVDC,Javedan Corporation Limited,141.59,1.3311386244901025,217290.0,53926030690.73,13.963510848126232,Property,Reversal required,37.5,2026-09-18,143.75,133.0,Price trend or momentum has not turned upward
29,GCIL,Ghani Chemical Industries Limited,32.99,6.11128980379545,3220229.0,18819209203.690002,6.8161157024793395,Chemical,Reversal required,37.5,2026-09-18,33.51,30.9,Price trend or momentum has not turned upward
30,TOWL,Towellers Limited,135.41,3.2954458768784667,154630.0,2301970000.0,16.863013698630134,Textile Composite,Reversal required,37.5,2026-09-18,146.0,129.0,Price trend or momentum has not turned upward
31,IPAK,International Packaging Films Limited,35.35,-1.532033426183832,3384283.0,25989673500.0,19.748603351955307,"Paper, Board & Packaging",Reversal required,37.5,2026-09-18,38.75,35.15,Price trend or momentum has not turned upward
32,TREET,Treet Corporation Limited,22.32,4.73955889253872,2064411.0,8281363128.4800005,9.417721518987342,Food & Personal Care Products,Reversal required,37.5,2026-09-18,22.48,20.89,Price trend or momentum has not turned upward
33,WAFI,Wafi Energy Pakistan Limited,161.87,3.510679114976356,182864.0,34644172037.94,9.145197740112996,Oil & Gas Marketing Companies,Reversal required,37.5,2026-09-18,164.0,153.02,Price trend or momentum has not turned upward
34,SGF,Service GlobalFootwear Limited,109.09,5.035624879645684,157381.0,22589197791.48,6.961710274409701,Leather & Tanneries,Reversal required,37.5,2026-09-18,111.69,100.91,Price trend or momentum has not turned upward
35,GATM,Gul Ahmed Textile Mills Limited,22.87,6.223873664653978,4627907.0,16925159804.460001,10.890476190476186,Textile Composite,Reversal required,37.5,2026-09-18,23.68,20.75,Price trend or momentum has not turned upward
36,PPP,Pakistan Paper Products Limited,144.15,-0.2905167047105084,60533.0,1153200000.0,6.953690303907381,"Paper, Board & Packaging",Reversal required,37.5,2026-09-18,154.5,139.51,Price trend or momentum has not turned upward
37,SPEL,SPEL Limited,42.48,2.583916928278196,426559.0,8484785959.679999,7.091819699499164,"Paper, Board & Packaging",Reversal required,37.5,2026-09-18,43.99,40.51,Price trend or momentum has not turned upward
38,PTL,Panther Tyres Ltd.,50.41,2.230784830663146,140146.0,8468879999.999999,6.512919896640827,Automobile Parts & Accessories,Reversal required,37.5,2026-09-18,50.8,47.02,Price trend or momentum has not turned upward
39,GCWL,Ghani Chemworld Limited,14.52,3.6402569593147804,774689.0,3632090154.0,2.049978822532825,Chemical,Reversal required,37.5,2026-09-18,14.6,13.17,Price trend or momentum has not turned upward
40,GLAXO,GlaxoSmithKline Pakistan Limited,320.99,2.0279075681001846,239927.0,102224811565.22,9.819210767818904,Pharmaceuticals,Reversal required,35.0,2026-09-18,322.9,299.8,Price trend or momentum has not turned upward
41,FABL,Faysal Bank Limited,94.2,1.3012151844284503,384232.0,142967012749.2,6.582809224318659,Commercial Banks,Confirmation required,35.0,2026-09-18,94.75,90.0,Moving averages not aligned upward; Momentum not confirmed; Volume/closing-pressure confirmation missing; Stock-specific news/event review still needed
42,MEHT,Mehmood Textile Mills Limited,139.23,0.9644670050761306,48825.0,4176899999.9999995,3.6823591642422633,Textile Composite,Reversal required,35.0,2026-09-18,152.0,133.2,Price trend or momentum has not turned upward
43,CLOV,Clover Pakistan Limited,6.42,0.7849293563579218,363221.0,2499230500.8,2.084415584415585,Food & Personal Care Products,Reversal required,35.0,2026-09-18,6.54,6.17,Price trend or momentum has not turned upward
44,FCCL,Fauji Cement Company Limited,54.35,2.3733283104162783,6779754.0,133312246407.0,8.234848484848486,Cement,Reversal required,32.5,2026-09-18,54.8,51.25,Price trend or momentum has not turned upward
45,GWLC,Gharibwal Cement Limited,50.96,2.26771021473009,190719.0,20397961001.6,8.696245733788396,Cement,Reversal required,32.5,2026-09-18,51.8,48.01,Price trend or momentum has not turned upward
46,SEARL,The Searle Company Limited,79.69,1.5676777976038725,2349627.0,46875139437.1,17.514285714285712,Pharmaceuticals,Reversal required,27.5,2026-09-18,81.15,76.62,Price trend or momentum has not turned upward
47,AGP,AGP Limited,153.36,1.6302186878727642,584914.0,42940800000.00001,20.020887728459535,Pharmaceuticals,Reversal required,27.5,2026-09-18,155.75,150.0,Price trend or momentum has not turned upward
48,MUGHAL,Mughal Iron & Steel Industries Limited,68.5,0.7797557746064498,904101.0,22990924410.5,10.148148148148149,Engineering,Reversal required,27.5,2026-09-18,73.24,67.5,Price trend or momentum has not turned upward
49,TOMCL,The Organic Meat Company Limited,32.62,2.2570532915360486,1191913.0,6404621695.08,17.259259259259256,Food & Personal Care Products,Reversal required,27.5,2026-09-18,33.0,31.26,Price trend or momentum has not turned upward
50,TPLRF1,TPL REIT Fund I,9.34,0.5382131324004336,4473739.0,17138900000.0,0.0,Real Estate Investment Trust,Reversal required,27.5,2026-09-18,9.84,9.15,Price trend or momentum has not turned upward
